RPO,Description,Detail,"Grand Sport X Coupe
1YG07
1LT","Grand Sport X Coupe
1YG07
2LT","Grand Sport X Coupe
1YG07
3LT","Grand Sport X Convertible
1YG67
1LT","Grand Sport X Convertible
1YG67
2LT","Grand Sport X Convertible
1YG67
3LT"
,"Active handling stability control, improves traction and enhances vehicle stability",,S,S,S,S,S,S
ERI,Battery Protection Package,,A,A,A,A,A,A
J57,"Brakes, 4-wheel antilock, 4-wheel disc, carbon ceramic, includes (J6D) Dark Gray Metallic-painted calipers",,S,S,S,S,S,S
UHY,Automatic Emergency Braking,,S,S,S,S,S,S
UKT,Front Pedestrian and Bicyclist Braking,,S,S,S,S,S,S
,NEW!  Intersection Automatic Emergency Braking,,S,S,S,S,S,S
J6D,"Calipers, Dark Gray Metallic-painted",,S,S,S,S,S,S
J6B,"Calipers, Blue-painted",,A,A,A,A,A,A
J6E,"Calipers, Velocity Yellow-painted",,A,A,A,A,A,A
J6F,"Calipers, Bright Red-painted",,A,A,A,A,A,A
J6L,"Calipers, Orange-painted",,A,A,A,A,A,A
J6N,"Calipers, Edge Red-painted",,A,A,A,A,A,A
LS6,"NEW!  Engine, 6.7L V8 DI, high-output, Variable Valve Timing (VVT), Active Fuel Management (AFM) ",,S,S,S,S,S,S
HP1,"Front axle, electrified propulsion (186 hp [138.7 kW], 145 lb-ft of front torque [196.6 N-m]). 1250 (932.1 kW) total combined hp with LS6 (Grand Sport X) or LT7 (ZR1X)  engine",,S,S,S,S,S,S
B6P,"Coupe Engine Appearance Package, includes carbon fiber trim, (D3V) engine lighting and (SL9) engine specification plaque, LPO",,A,A,A,--,--,--
ZZ3,"Convertible Engine Appearance Package, includes window under tonneau cover, (BC7) Black LS6 engine cover and (SL9) engine specification plaque, LPO",,--,--,--,A,A,A
BC7,"LS6 engine cover, Black
1. Included and only available with (ZZ3) Convertible Engine Appearance Package.",1. Included and only available with (ZZ3) Convertible Engine Appearance Package.,S,S,S,A1,A1,A1
BC4,"NEW!  LS6 engine cover, Blue
1. Includes (D3V) engine lighting.
2. Requires (ZZ3) Convertible Engine Appearance Package.","1. Includes (D3V) engine lighting.
2. Requires (ZZ3) Convertible Engine Appearance Package.",A1,A1,A1,A2,A2,A2
BCP,"LS6 engine cover, Edge Red
1. Includes (D3V) engine lighting.
2. Requires (ZZ3) Convertible Engine Appearance Package.","1. Includes (D3V) engine lighting.
2. Requires (ZZ3) Convertible Engine Appearance Package.",A1,A1,A1,A2,A2,A2
BCS,"LS6 engine cover, Sterling Silver-painted
1. Includes (D3V) engine lighting.
2. Requires (ZZ3) Convertible Engine Appearance Package.","1. Includes (D3V) engine lighting.
2. Requires (ZZ3) Convertible Engine Appearance Package.",A1,A1,A1,A2,A2,A2
D3V,"Engine lighting
1. Included with (B6P) Coupe Engine Appearance Package or (BC4/BCP/BCS) LS6 engine covers.",1. Included with (B6P) Coupe Engine Appearance Package or (BC4/BCP/BCS) LS6 engine covers.,A1,A1,A1,--,--,--
NPP,"Exhaust, performance, aggressive exhaust sound varies with driver mode selected",,S,S,S,S,S,S
WUB,"NEW!  Exhaust, quad center exit",,A,A,A,A,A,A
NGA,"Exhaust tips, Black",,S,S,S,S,S,S
NWI,"NEW!  Exhaust tips, bright, center, quad, exposed
1. Requires (WUB) quad center exit exhaust.",1. Requires (WUB) quad center exit exhaust.,A1,A1,A1,A1,A1,A1
,"Frame, aluminum structure",,S,S,S,S,S,S
SLN,"LPO, Visible carbon fiber engine cross brace with Jake logo, Genuine Corvette Accessory
1. Not available at this time.",1. Not available at this time.,A/D1,A/D1,A/D1,--,--,--
VUP,"LPO, Engine Bay closeout graphics, Genuine Corvette Accessory",,A/D,A/D,A/D,--,--,--
SL9,"LPO, Engine specification plaque, Genuine Corvette Accessory
1. Included with (B6P/ZZ3) Engine Appearance Package.",1. Included with (B6P/ZZ3) Engine Appearance Package.,A/D1,A/D1,A/D1,A/D1,A/D1,A/D1
SLK,"LPO, Rear hatch strut bracket, Edge Red, Genuine Corvette Accessory",,A/D,A/D,A/D,--,--,--
,Oil life monitoring system,,S,S,S,S,S,S
B4Z,Performance Traction Management,,S,S,S,S,S,S
G0K,"Rear axle, 5.56 ratio",,S,S,S,S,S,S
,"Steering, power, electric, speed-sensitive, rack-and-pinion, variable ratio",,S,S,S,S,S,S
FE5,"Suspension, touring with Magnetic Selective Ride Control",,S,S,S,S,S,S
FED,"Sport Performance Package, includes (XFR) 275/30ZR20 front and 345/25ZR21 rear, blackwall, high performance tires",,A,A,A,A,A,A
,"Traction control, all-speed",,S,S,S,S,S,S
MLG,"Transmission, 8-speed dual clutch, includes manual and auto modes",,S,S,S,S,S,S
Z25,"Grand Sport Launch Edition, includes (EL9) Santorini Blue Dipped interior with Torch Red accents and special quilting, (3F9) Torch Red seat belts, unique floor mats with Corvette silhouette, embossed headrests, and waterfall plaque with ""Launch Edition""",,--,--,A,--,--,A
Z15,"Grand Sport Heritage Graphics, includes Grand Sport Heritage Hash Marks available in (17A) Blade Silver, (20A) Admiral Blue, (55A) Competition Yellow, (75A) Torch Red, (97A) Carbon Flash, and (DX4) Red Mist
1. Requires the selection of one of the following included Grand Sport Heritage Hash Marks: (17A) Blade Silver, (20A) Admiral Blue, (55A) Competition Yellow, (75A) Torch Red, (97A) Carbon Flash, and (DX4) Red Mist. Only additional stripes or graphics available with Z15 are (DMU/DMV/DMW/DMX/DMY) Grand Sport Heritage Center Stripes.","1. Requires the selection of one of the following included Grand Sport Heritage Hash Marks: (17A) Blade Silver, (20A) Admiral Blue, (55A) Competition Yellow, (75A) Torch Red, (97A) Carbon Flash, and (DX4) Red Mist. Only additional stripes or graphics available with Z15 are (DMU/DMV/DMW/DMX/DMY) Grand Sport Heritage Center Stripes.",A1,A1,A1,A1,A1,A1
,"Antenna, integral front and rear",,S,S,S,S,S,S
EYT,Carbon Flash Exterior Badge Package,,S,S,S,S,S,S
EYK,Chrome Exterior Badge Package,,A,A,A,A,A,A
CM9,"Convertible top, retractable, power-folding hard top, painted body-color roof, remote control (down only), includes power glass rear window with integral defogger",,--,--,--,S,S,S
D84,"Convertible top, Carbon Flash-painted nacelles and roof
1. Not available with exterior color (GBA) Black.",1. Not available with exterior color (GBA) Black.,--,--,--,A1,A1,A1
D86,"Convertible top, Carbon Flash-painted nacelles and body-color roof
1. Not available with exterior color (GBA) Black.",1. Not available with exterior color (GBA) Black.,--,--,--,A1,A1,A1
R8C,"Corvette Museum Delivery, acknowledgement form required, includes (CFX) Corvette Museum logo plaque personalized with your name and VIN
1. Must also add Ship To BAC 184590 (Dealer code 31-728). Available on SOLD orders only. Not available with LPO wheels.",1. Must also add Ship To BAC 184590 (Dealer code 31-728). Available on SOLD orders only. Not available with LPO wheels.,A1,A1,A1,A1,A1,A1
PIN,"Customer VIN ending reservation
1. This option is subject to restrictions and approval. NOT AVAILABLE on all VINs. Available on SOLD orders only.",1. This option is subject to restrictions and approval. NOT AVAILABLE on all VINs. Available on SOLD orders only.,A1,A1,A1,A1,A1,A1
,Daytime running lamps,,S,S,S,S,S,S
EFR,"Exterior accents, Carbon Flash, side vents, rockers, splitter and front/rear grille accents
1. Rockers and splitters are not Carbon Flash when (CFV) visible carbon fiber ground effects is also ordered.
2. Also includes tonneau grille. Rockers and splitters are not Carbon Flash when (CFV) visible carbon fiber ground effects is also ordered.","1. Rockers and splitters are not Carbon Flash when (CFV) visible carbon fiber ground effects is also ordered.
2. Also includes tonneau grille. Rockers and splitters are not Carbon Flash when (CFV) visible carbon fiber ground effects is also ordered.",S1,S1,S1,S2,S2,S2
EDU,"Exterior accents, Carbon Flash and body-color; body-color side vents and front splitter, Carbon Flash-painted rockers and front/rear grille accents
1. Front splitter is not body-color when (CFV/CFZ) ground effects is also ordered. Not available with exterior color (GBA) Black.
2. Tonneau grille is Carbon Flash-painted. Front splitter is not body-color when (CFV/CFZ) ground effects is also ordered. Not available with exterior color (GBA) Black.","1. Front splitter is not body-color when (CFV/CFZ) ground effects is also ordered. Not available with exterior color (GBA) Black.
2. Tonneau grille is Carbon Flash-painted. Front splitter is not body-color when (CFV/CFZ) ground effects is also ordered. Not available with exterior color (GBA) Black.",A1,A1,A1,A2,A2,A2
E60,"Front lift adjustable height with memory, includes (TR7) automatic headlamp leveling system",,--,A,A,--,A,A
,"Glass, Solar-Ray light-tinted",,S,S,S,S,S,S
CFZ,"Ground effects, carbon fiber, Carbon Flash-painted",,A,A,A,A,A,A
CFV,"Ground effects, visible carbon fiber",,A,A,A,A,A,A
CFL,"NEW!  Ground effects, extended front splitter
1. Not available with (CFV/CFZ) ground effects.",1. Not available with (CFV/CFZ) ground effects.,A1,A1,A1,A1,A1,A1
TR7,"Headlamp control, automatic leveling system
1. Included and only available with (E60) front lift adjustable height.",1. Included and only available with (E60) front lift adjustable height.,--,A1,A1,--,A1,A1
T4L,"Headlamps, LED",,S,S,S,S,S,S
TQ5,"IntelliBeam, auto high beam",,S,S,S,S,S,S
VK3,"License plate bracket, front
1. Will be forced on orders with ship-to states that require a front license plate.",1. Will be forced on orders with ship-to states that require a front license plate.,A1,A1,A1,A1,A1,A1
PDA,"LPO, Jake C8.R Graphics Package, includes (SNE) Jake hood graphic, LPO and (VPW) Jake C8.R rear hash graphic, LPO, Genuine Corvette Accessories
1. Not available with (Z15) Grand Sport Heritage Graphics or with RPO stripes (DPB, DPC, DPG, DPL, DPT, DSY, DSZ, DT0, DTC, DTH, DUB, DUE, DUK, DUW, DZU, DZV, DZX).","1. Not available with (Z15) Grand Sport Heritage Graphics or with RPO stripes (DPB, DPC, DPG, DPL, DPT, DSY, DSZ, DT0, DTC, DTH, DUB, DUE, DUK, DUW, DZU, DZV, DZX).",A/D1,A/D1,A/D1,A/D1,A/D1,A/D1
PCQ,"LPO, Grille Screen Protection Package, includes (VWE) front radiator grille screens LPO and (VWT) insect protection grille screen LPO, Genuine Corvette Accessories",,A/D,A/D,A/D,A/D,A/D,A/D
RWH,"LPO, Premium indoor car cover, Black with crossed flags logo, Genuine Corvette Accessory",,A/D,A/D,A/D,A/D,A/D,A/D
WKR,"LPO, Premium indoor car cover, GT3.R, fully rendered, Genuine Corvette Accessory
1. When ordered with (5ZV) Three-Stanchion high wing spoiler LPO, High Wing version is provided.","1. When ordered with (5ZV) Three-Stanchion high wing spoiler LPO, High Wing version is provided.",A/D1,A/D1,A/D1,A/D1,A/D1,A/D1
RWJ,"LPO, Premium outdoor car cover, Gray with crossed flags logo and Corvette silhouette, Genuine Corvette Accessory",,A/D,A/D,A/D,A/D,A/D,A/D
SFZ,"LPO, Dark Stealth crossed flags emblems, front and rear on Z06 models, front and rear on Grand Sport, Grand Sport X, Z06, ZR1 and ZR1X models, Genuine Corvette Accessory
1. Not available with (EYK) Chrome Exterior Badge Package or any Full Length Dual Racing Stripes (DPB, DPC, DPG, DPL, DPT, DSY, DSZ, DT0, DTC, DTH, DUB, DUE, DUK, DUW) or Grand Sport Heritage Center Stripes (DMU, DMV, DMW, DMX, DMY). ","1. Not available with (EYK) Chrome Exterior Badge Package or any Full Length Dual Racing Stripes (DPB, DPC, DPG, DPL, DPT, DSY, DSZ, DT0, DTC, DTH, DUB, DUE, DUK, DUW) or Grand Sport Heritage Center Stripes (DMU, DMV, DMW, DMX, DMY).",A/D1,A/D1,A/D1,A/D1,A/D1,A/D1
R88,"LPO, Illuminated crossed flags emblem, front, Genuine Corvette Accessory
1. Not available with (SFZ) Dark Stealth crossed flags emblems, LPO, (EYK) Chrome Exterior Badge Package, any Full Length Dual Racing Stripes (DPB, DPC, DPG, DPL, DPT, DSY, DSZ, DT0, DTC, DTH, DUB, DUE, DUK, DUW) or Grand Sport Heritage Center Stripes (DMU, DMV, DMW, DMX, DMY).","1. Not available with (SFZ) Dark Stealth crossed flags emblems, LPO, (EYK) Chrome Exterior Badge Package, any Full Length Dual Racing Stripes (DPB, DPC, DPG, DPL, DPT, DSY, DSZ, DT0, DTC, DTH, DUB, DUE, DUK, DUW) or Grand Sport Heritage Center Stripes (DMU, DMV, DMW, DMX, DMY).",A/D1,A/D1,A/D1,A/D1,A/D1,A/D1
VTB,"LPO, Rear fascia/roof storage protector in Black with embroidered crossed flags logo, Genuine Corvette Accessory",,A/D,A/D,A/D,A/D,A/D,A/D
RZ9,"LPO, Visible Carbon Fiber grille insert, Genuine Corvette Accessory
1. Not available at this time.",1. Not available at this time.,A/D1,A/D1,A/D1,A/D1,A/D1,A/D1
VWE,"LPO, Front radiator grille screens, Genuine Corvette Accessory
1. Included with (PCQ) Grille Screen Protection Package, LPO.","1. Included with (PCQ) Grille Screen Protection Package, LPO.",A/D1,A/D1,A/D1,A/D1,A/D1,A/D1
VWT,"LPO, Insect protection grille screen, Genuine Corvette Accessory
1. Included with (PCQ) Grille Screen Protection Package, LPO.","1. Included with (PCQ) Grille Screen Protection Package, LPO.",A/D1,A/D1,A/D1,A/D1,A/D1,A/D1
5JR,"LPO, Outside mirror covers in visible Carbon Fiber, includes (DRG) Carbon Flash Metallic-painted outside mirrors, Genuine Corvette Accessory",,--,--,A/D,--,--,A/D
SDA,"LPO, Black recovery hook, Genuine Corvette Accessory",,A/D,A/D,A/D,A/D,A/D,A/D
SBT,"LPO, Dual roof, adds transparent removable roof panel and includes (SC7) roof panel storage pouch, Genuine Corvette Accessories
1. Not available with (CC3) transparent, removable roof panel.","1. Not available with (CC3) transparent, removable roof panel.",A/D1,A/D1,A/D1,--,--,--
RIN,"LPO, Rear Corvette script badge in Arctic White, Genuine Corvette Accessory
1. Not available with RIK, SL8.","1. Not available with RIK, SL8.",A/D1,A/D1,A/D1,A/D1,A/D1,A/D1
SL8,"LPO, Rear Corvette script badge in Edge Red, Genuine Corvette Accessory
1. Not available with RIK, RIN.","1. Not available with RIK, RIN.",A/D1,A/D1,A/D1,A/D1,A/D1,A/D1
RIK,"LPO, Rear Corvette script badge in Torch Red, Genuine Corvette Accessory
1. Not available with RIN, SL8.","1. Not available with RIN, SL8.",A/D1,A/D1,A/D1,A/D1,A/D1,A/D1
5ZV,"LPO, Three-Stanchion high wing spoiler, Carbon Flash Metallic-painted, Genuine Corvette Accessory",,A/D,A/D,A/D,A/D,A/D,A/D
SIG,"LPO, Spoiler extension, clear smoked center bridge with Jake logo, Genuine Corvette Accessory
1. Requires (T0E) rear spoiler.",1. Requires (T0E) rear spoiler.,A/D1,A/D1,A/D1,A/D1,A/D1,A/D1
VPW,"LPO, Jake C8.R rear hash graphic, Genuine Corvette Accessory
1. Included with (PDA) Jake C8.R Graphics Package, LPO. Not available with (Z15) Grand Sport Heritage Graphics.","1. Included with (PDA) Jake C8.R Graphics Package, LPO. Not available with (Z15) Grand Sport Heritage Graphics.",A/D1,A/D1,A/D1,A/D1,A/D1,A/D1
VPO,"LPO, Jake C8.R rear hash graphic with Tech Bronze accent, Genuine Corvette Accessory
1. Not available with (Z15) Grand Sport Heritage Graphics, (PDA) Jake C8.R Graphics Package, LPO or (VPW) LPO, Jake C8.R rear hash graphic.","1. Not available with (Z15) Grand Sport Heritage Graphics, (PDA) Jake C8.R Graphics Package, LPO or (VPW) LPO, Jake C8.R rear hash graphic.",A/D1,A/D1,A/D1,A/D1,A/D1,A/D1
SNE,"LPO, Jake hood graphic
1. Included with (PDA) Jake C8.R Graphics Package, LPO. Not available with RPO stripes (DPB, DPC, DPG, DPL, DPT, DSY, DSZ, DT0, DTC, DTH, DUB, DUE, DUK, DUW, DZU, DZV, DZX) or (Z15) Grand Sport Heritage Graphics.","1. Included with (PDA) Jake C8.R Graphics Package, LPO. Not available with RPO stripes (DPB, DPC, DPG, DPL, DPT, DSY, DSZ, DT0, DTC, DTH, DUB, DUE, DUK, DUW, DZU, DZV, DZX) or (Z15) Grand Sport Heritage Graphics.",A/D1,A/D1,A/D1,A/D1,A/D1,A/D1
SHT,"LPO, Jake hood graphic with Tech Bronze accent, Genuine Corvette Accessory
1. Not available with RPO stripes (DPB, DPC, DPG, DPL, DPT, DSY, DSZ, DT0, DTC, DTH, DUB, DUE, DUK, DUW, DZU, DZV, DZX), (Z15) Grand Sport Heritage Graphics, (PDA) Jake C8.R Graphics Package, LPO or (SNE) Jake hood graphic, LPO.","1. Not available with RPO stripes (DPB, DPC, DPG, DPL, DPT, DSY, DSZ, DT0, DTC, DTH, DUB, DUE, DUK, DUW, DZU, DZV, DZX), (Z15) Grand Sport Heritage Graphics, (PDA) Jake C8.R Graphics Package, LPO or (SNE) Jake hood graphic, LPO.",A/D1,A/D1,A/D1,A/D1,A/D1,A/D1
5ZD,"LPO, Carbon Flash wheel center caps with crossed flags logo, Genuine Corvette Accessory",,A/D,A/D,A/D,A/D,A/D,A/D
5ZC,"LPO, Jake logo wheel center caps. Genuine Corvette Accessory",,A/D,A/D,A/D,A/D,A/D,A/D
5ZB,"LPO, Grand Sport logo wheel center caps, Genuine Corvette Accessory",,A/D,A/D,A/D,A/D,A/D,A/D
SPZ,"LPO, Black wheel locks, Genuine Corvette Accessory
1. Requires (SPY) Black lug nuts, LPO.","1. Requires (SPY) Black lug nuts, LPO.",A/D1,A/D1,A/D1,A/D1,A/D1,A/D1
SFE,"LPO, Chrome wheel locks, Genuine Corvette Accessory
1. Not available with (SPY) Black lug nuts, LPO or (ROY/ROZ/STZ) wheels.","1. Not available with (SPY) Black lug nuts, LPO or (ROY/ROZ/STZ) wheels.",A/D1,A/D1,A/D1,A/D1,A/D1,A/D1
SPY,"LPO, Black lug nuts, Genuine Corvette Accessory
1. Not available with (S47) Chrome lug nuts, LPO.","1. Not available with (S47) Chrome lug nuts, LPO.",A/D1,A/D1,A/D1,A/D1,A/D1,A/D1
S47,"LPO, Chrome lug nuts, Genuine Corvette Accessory
1. Not available with (SPY) Black lug nuts, LPO or (ROY/ROZ/STZ) wheels.","1. Not available with (SPY) Black lug nuts, LPO or (ROY/ROZ/STZ) wheels.",A/D1,A/D1,A/D1,A/D1,A/D1,A/D1
ZYC,"Carbon Flash Metallic-painted outside mirrors and spoiler (when equipped), includes (DRG) Carbon Flash Metallic-painted outside mirrors
1. Not available with exterior color (GBA) Black.",1. Not available with exterior color (GBA) Black.,A1,A1,A1,A1,A1,A1
DRG,"Mirrors, outside, Carbon Flash Metallic-painted
1. Included and only available with (ZYC) Carbon Flash Metallic-painted outside mirrors and spoiler (when equipped).
2. Included and only available with (ZYC) Carbon Flash Metallic-painted outside mirrors and spoiler (when equipped) or (5JR) outside mirror covers in visible Carbon Fiber, LPO.","1. Included and only available with (ZYC) Carbon Flash Metallic-painted outside mirrors and spoiler (when equipped).
2. Included and only available with (ZYC) Carbon Flash Metallic-painted outside mirrors and spoiler (when equipped) or (5JR) outside mirror covers in visible Carbon Fiber, LPO.",A1,A1,A2,A1,A1,A2
DWK,"Mirrors, outside heated, power-adjustable, manual-folding with turn signal indicators",,S,--,--,S,--,--
DYX,"Mirrors, outside heated, power-adjustable, power-folding, driver-side auto-dimming with turn signal indicators",,--,■,■,--,■,■
CF7,"Roof panel, body-color, removable",,S,S,S,--,--,--
CC3,"Roof panel, transparent, removable",,A,A,A,--,--,--
C2Z,"Roof panel, visible carbon fiber with body-color surround, removable",,A,A,A,--,--,--
CF8,"Roof panel, electrochromic dimming, removable
1. Not available at start of production. Not available with any Full Length Dual Racing Stripes (DPB, DPC, DPG, DPL, DPT, DSY, DSZ, DT0, DTC, DTH, DUB, DUE, DUK, DUW) or Grand Sport Heritage Center Stripes (DMU, DMV, DMW, DMX, DMY).","1. Not available at start of production. Not available with any Full Length Dual Racing Stripes (DPB, DPC, DPG, DPL, DPT, DSY, DSZ, DT0, DTC, DTH, DUB, DUE, DUK, DUW) or Grand Sport Heritage Center Stripes (DMU, DMV, DMW, DMX, DMY).",--,A1,A1,--,--,--
UFG,Rear Cross Traffic Alert,,--,■,■,--,■,■
UD7,Rear Park Assist,,S,S,S,S,S,S
UFT,Side Blind Zone Alert,,--,■,■,--,■,■
T0E,"Spoiler, rear",,S,S,S,S,S,S
DMX,"Admiral Blue Grand Sport Heritage Center Stripe
1. Requires (Z15) Grand Sport Heritage Graphics. Not available with exterior color (GTR) Admiral Blue Metallic.
2. Requires (Z15) Grand Sport Heritage Graphics. Requires (D84) Carbon Flash painted nacelles and roof when the following exterior colors are ordered: G26/G4Z/GBK/GKZ/GPH. Not available with exterior color (GTR) Admiral Blue Metallic. Note: When (D84) Carbon Flash painted nacelles and roof is ordered (required or selected) roof will not include the stripe. ","1. Requires (Z15) Grand Sport Heritage Graphics. Not available with exterior color (GTR) Admiral Blue Metallic.
2. Requires (Z15) Grand Sport Heritage Graphics. Requires (D84) Carbon Flash painted nacelles and roof when the following exterior colors are ordered: G26/G4Z/GBK/GKZ/GPH. Not available with exterior color (GTR) Admiral Blue Metallic. Note: When (D84) Carbon Flash painted nacelles and roof is ordered (required or selected) roof will not include the stripe.",A1,A1,A1,A2,A2,A2
DMU,"Carbon Flash Grand Sport Heritage Center Stripe
1. Requires (Z15) Grand Sport Heritage Graphics.
2. Requires (Z15) Grand Sport Heritage Graphics. Note: When (D84) Carbon Flash painted nacelles and roof is ordered (required or selected) roof will not include the stripe.","1. Requires (Z15) Grand Sport Heritage Graphics.
2. Requires (Z15) Grand Sport Heritage Graphics. Note: When (D84) Carbon Flash painted nacelles and roof is ordered (required or selected) roof will not include the stripe.",A1,A1,A1,A2,A2,A2
DMY,"Red Mist Grand Sport Heritage Center Stripe
1. Requires (Z15) Grand Sport Heritage Graphics. Not available with exterior color (GKZ) Torch Red or (GPH) Red Mist Metallic Tintcoat. 
2. Requires (Z15) Grand Sport Heritage Graphics. Requires (D84) Carbon Flash painted nacelles and roof when the following exterior colors are ordered: G26/G4Z/GBK/GTR. Not available with exterior color (GKZ) Torch Red or (GPH) Red Mist Metallic Tintcoat. Note: When (D84) Carbon Flash painted nacelles and roof is ordered (required or selected) roof will not include the stripe.","1. Requires (Z15) Grand Sport Heritage Graphics. Not available with exterior color (GKZ) Torch Red or (GPH) Red Mist Metallic Tintcoat. 
2. Requires (Z15) Grand Sport Heritage Graphics. Requires (D84) Carbon Flash painted nacelles and roof when the following exterior colors are ordered: G26/G4Z/GBK/GTR. Not available with exterior color (GKZ) Torch Red or (GPH) Red Mist Metallic Tintcoat. Note: When (D84) Carbon Flash painted nacelles and roof is ordered (required or selected) roof will not include the stripe.",A1,A1,A1,A2,A2,A2
DMV,"Blade Silver Grand Sport Heritage Center Stripe
1. Requires (Z15) Grand Sport Heritage Graphics. Not available with exterior color (GKA) Blade Silver Metallic. 
2. Requires (Z15) Grand Sport Heritage Graphics. Requires (D84) Carbon Flash painted nacelles and roof when the following exterior colors are ordered: G26/G4Z/GBK/GKZ/GPH. Not available with exterior color (GKA) Blade Silver Metallic. Note: When (D84) Carbon Flash painted nacelles and roof is ordered (required or selected) roof will not include the stripe.","1. Requires (Z15) Grand Sport Heritage Graphics. Not available with exterior color (GKA) Blade Silver Metallic. 
2. Requires (Z15) Grand Sport Heritage Graphics. Requires (D84) Carbon Flash painted nacelles and roof when the following exterior colors are ordered: G26/G4Z/GBK/GKZ/GPH. Not available with exterior color (GKA) Blade Silver Metallic. Note: When (D84) Carbon Flash painted nacelles and roof is ordered (required or selected) roof will not include the stripe.",A1,A1,A1,A2,A2,A2
DMW,"Arctic White Grand Sport Heritage Center Stripe
1. Requires (Z15) Grand Sport Heritage Graphics. Not available with exterior color (G8G) Arctic White. 
2. Requires (Z15) Grand Sport Heritage Graphics. Requires (D84) Carbon Flash painted nacelles and roof when the following exterior colors are ordered: G26/G4Z/GBK. Not available with exterior color (G8G) Arctic White. Note: When (D84) Carbon Flash painted nacelles and roof is ordered (required or selected) roof will not include the stripe.","1. Requires (Z15) Grand Sport Heritage Graphics. Not available with exterior color (G8G) Arctic White. 
2. Requires (Z15) Grand Sport Heritage Graphics. Requires (D84) Carbon Flash painted nacelles and roof when the following exterior colors are ordered: G26/G4Z/GBK. Not available with exterior color (G8G) Arctic White. Note: When (D84) Carbon Flash painted nacelles and roof is ordered (required or selected) roof will not include the stripe.",A1,A1,A1,A2,A2,A2
20A,"Admiral Blue Grand Sport Heritage Hash Marks
1. Requires (Z15) Grand Sport Heritage Graphics. Not available with exterior color (GTR) Admiral Blue Metallic.",1. Requires (Z15) Grand Sport Heritage Graphics. Not available with exterior color (GTR) Admiral Blue Metallic.,A1,A1,A1,A1,A1,A1
97A,"Carbon Flash Grand Sport Heritage Hash Marks
1. Requires (Z15) Grand Sport Heritage Graphics.",1. Requires (Z15) Grand Sport Heritage Graphics.,A1,A1,A1,A1,A1,A1
DX4,"Red Mist Grand Sport Heritage Hash Marks 
1. Requires (Z15) Grand Sport Heritage Graphics. Not available with exterior color (GKZ) Torch Red or (GPH) Red Mist Metallic Tintcoat",1. Requires (Z15) Grand Sport Heritage Graphics. Not available with exterior color (GKZ) Torch Red or (GPH) Red Mist Metallic Tintcoat,A1,A1,A1,A1,A1,A1
75A,"Torch Red Grand Sport Heritage Hash Marks
1. Requires (Z15) Grand Sport Heritage Graphics. Not available with exterior color (GKZ) Torch Red or (GPH) Red Mist Metallic Tintcoat",1. Requires (Z15) Grand Sport Heritage Graphics. Not available with exterior color (GKZ) Torch Red or (GPH) Red Mist Metallic Tintcoat,A1,A1,A1,A1,A1,A1
17A,"Blade Silver Grand Sport Heritage Hash Marks
1. Requires (Z15) Grand Sport Heritage Graphics. Not available with exterior color (GKA) Blade Silver Metallic.",1. Requires (Z15) Grand Sport Heritage Graphics. Not available with exterior color (GKA) Blade Silver Metallic.,A1,A1,A1,A1,A1,A1
55A,"Competition Yellow Grand Sport Heritage Hash Marks
1. Requires (Z15) Grand Sport Heritage Graphics. Not available with exterior color (GBK) Competition Yellow Tintcoat Metallic.",1. Requires (Z15) Grand Sport Heritage Graphics. Not available with exterior color (GBK) Competition Yellow Tintcoat Metallic.,A1,A1,A1,A1,A1,A1
DUE,"NEW!  Asymmetrical Royal Blue/Carbon Flash Full Length Dual Racing Stripes
1. Not available with exterior color (GTR) Admiral Blue Metallic.",1. Not available with exterior color (GTR) Admiral Blue Metallic.,A1,A1,A1,A1,A1,A1
DUK,"Asymmetrical Edge Red/Carbon Flash Full Length Dual Racing Stripes
1. Not available with exterior color (GKZ) Torch Red or (GPH) Red Mist Metallic Tintcoat.",1. Not available with exterior color (GKZ) Torch Red or (GPH) Red Mist Metallic Tintcoat.,A1,A1,A1,A1,A1,A1
DTC,"NEW!  Royal Blue Full Length Dual Racing Stripes
1. Not available with exterior color (GTR) Admiral Blue Metallic.",1. Not available with exterior color (GTR) Admiral Blue Metallic.,A1,A1,A1,A1,A1,A1
DPB,"Carbon Flash with Blue accent Full Length Dual Racing Stripes
1. Not available with exterior color (GTR) Admiral Blue Metallic.",1. Not available with exterior color (GTR) Admiral Blue Metallic.,A1,A1,A1,A1,A1,A1
DPC,"Carbon Flash with Yellow accent Full Length Dual Racing Stripes
1. Not available with exterior color (GBK) Competition Yellow Tintcoat Metallic.",1. Not available with exterior color (GBK) Competition Yellow Tintcoat Metallic.,A1,A1,A1,A1,A1,A1
DPG,"Carbon Flash with Orange accent Full Length Dual Racing Stripes
1. Not available with exterior color (G26) Sebring Orange Tintcoat.",1. Not available with exterior color (G26) Sebring Orange Tintcoat.,A1,A1,A1,A1,A1,A1
DPL,"Carbon Flash with Red accent Full Length Dual Racing Stripes
1. Not available with exterior color (GKZ) Torch Red or (GPH) Red Mist Metallic Tintcoat.",1. Not available with exterior color (GKZ) Torch Red or (GPH) Red Mist Metallic Tintcoat.,A1,A1,A1,A1,A1,A1
DPT,Carbon Flash with Silver accent Full Length Dual Racing Stripes,,A,A,A,A,A,A
DTH,Carbon Flash Metallic Full Length Dual Racing Stripes,,A,A,A,A,A,A
DSY,"Edge Orange Full Length Dual Racing Stripes
1. Not available with exterior color (G26) Sebring Orange Tintcoat.",1. Not available with exterior color (G26) Sebring Orange Tintcoat.,A1,A1,A1,A1,A1,A1
DSZ,"Edge Red Full Length Dual Racing Stripes
1. Not available with exterior color (GKZ) Torch Red or (GPH) Red Mist Metallic Tintcoat.",1. Not available with exterior color (GKZ) Torch Red or (GPH) Red Mist Metallic Tintcoat.,A1,A1,A1,A1,A1,A1
DUB,Sterling Silver Full Length Dual Racing Stripes,,A,A,A,A,A,A
DT0,"Competition Yellow Full Length Dual Racing Stripes
1. Not available with exterior color (GBK) Competition Yellow Tintcoat Metallic.",1. Not available with exterior color (GBK) Competition Yellow Tintcoat Metallic.,A1,A1,A1,A1,A1,A1
DZX,"Carbon Flash/Edge Red Stinger Stripe
1. Not available with exterior color (GKZ) Torch Red or (GPH) Red Mist Metallic Tintcoat.",1. Not available with exterior color (GKZ) Torch Red or (GPH) Red Mist Metallic Tintcoat.,A1,A1,A1,A1,A1,A1
DZV,Carbon Flash/Midnight Silver Stinger Stripe,,A,A,A,A,A,A
DZU,"Carbon Flash/Competition Yellow Stinger Stripe
1. Not available with exterior color (GBK) Competition Yellow Tintcoat Metallic.",1. Not available with exterior color (GBK) Competition Yellow Tintcoat Metallic.,A1,A1,A1,A1,A1,A1
XFT,"Tires, 275/30ZR20 front and 345/25ZR21 rear, all-season, blackwall, performance",,S,S,S,S,S,S
XFR,"Tires, 275/30ZR20 front and 345/25ZR21 rear, blackwall, high performance
1. Included and only available with (FED) Sport Performance Package.",1. Included and only available with (FED) Sport Performance Package.,A1,A1,A1,A1,A1,A1
SWM,"Wheels, 20"" x 10"" (50.8 cm x 25.4 cm) front and 21"" x 13"" (53.3 cm x 33 cm) rear 10-spoke, Pearl Nickel forged aluminum",,S,S,S,S,S,S
SWN,"Wheels, 20"" x 10"" (50.8 cm x 25.4 cm) front and 21"" x 13"" (53.3 cm x 33 cm) rear 10-spoke, Gloss Black forged aluminum",,A,A,A,A,A,A
SWP,"Wheels, 20"" x 10"" (50.8 cm x 25.4 cm) front and 21"" x 13"" (53.3 cm x 33 cm) rear 10-spoke, Carbon Flash-painted with bright polished face forged aluminum",,A,A,A,A,A,A
SWO,"Wheels, 20"" x 10"" (50.8 cm x 25.4 cm) front and 21"" x 13"" (53.3 cm x 33 cm) rear 10-spoke, high polished forged aluminum",,A,A,A,A,A,A
ROY,"Wheels, 20"" x 10"" (50.8 cm x 25.4 cm) front and 21"" x 13"" (53.3 cm x 33 cm) rear Carbon Flash-painted carbon fiber",,A,A,A,A,A,A
ROZ,"Wheels, 20"" x 10"" (50.8 cm x 25.4 cm) front and 21"" x 13"" (53.3 cm x 33 cm) rear visible carbon fiber",,A,A,A,A,A,A
STZ,"Wheels, 20"" x 10"" (50.8 cm x 25.4 cm) front and 21"" x 13"" (53.3 cm x 33 cm) rear visible carbon fiber with Red stripe",,A,A,A,A,A,A
SOM,"Wheels, 20"" x 10"" (50.8 cm x 25.4 cm) front and 21"" x 13"" (53.3 cm x 33 cm) rear bright polished forged aluminum",,A,A,A,A,A,A
SON,"Wheels, 20"" x 10"" (50.8 cm x 25.4 cm) front and 21"" x 13"" (53.3 cm x 33 cm) rear Gloss Black forged aluminum",,A,A,A,A,A,A
ROU,"Wheels, 20"" x 10"" (50.8 cm x 25.4 cm) front and 21"" x 13"" (53.3 cm x 33 cm) rear Pearl Nickel forged aluminum",,A,A,A,A,A,A
ROX,"Wheels, 20"" x 10"" (50.8 cm x 25.4 cm) front and 21"" x 13"" (53.3 cm x 33 cm) rear Carbon Flash with machined edge forged aluminum",,A,A,A,A,A,A
,"Wipers, front intermittent",,S,S,S,S,S,S
AJ7,"Airbags, frontal and side-impact, driver and passenger with Passenger Sensing System
1. Always use seat belts and child restraints. Never place an infant or child restraint seat in the front seat, even if the airbag is off. See the Owner's Manual for more information.","1. Always use seat belts and child restraints. Never place an infant or child restraint seat in the front seat, even if the airbag is off. See the Owner's Manual for more information.",S1,S1,S1,S1,S1,S1
CJ2,"Air conditioning, dual-zone automatic climate control, individual climate settings for driver and passenger, with outside temperature display",,S,S,S,S,S,S
,Air filtration system with pollen filter,,S,S,S,S,S,S
IVE,"Infotainment system with Google Built-In,12.7"" diagonal center console display, 14"" diagonal Driver Information Center, and 6.6"" diagonal auxiliary touchscreen, with Google Built-In compatibility, including navigation capability, connected apps, Natural Voice Recognition. Phone integration for Wireless Apple CarPlay/Wireless Android Auto for compatible phones",,S,S,S,S,S,S
UQS,"Audio system feature, Bose Premium 10-speaker system",,S,--,--,S,--,--
UQH,"Audio system feature, Bose Performance Series Sound System with 14 speakers",,--,■,■,--,■,■
AP9,"Cargo nets, 2",,--,■,■,--,■,■
D30,"Color Combination Override, provides the opportunity to individualize vehicle appearance by overriding recommended restrictions to exterior, interior and seat  belt color combinations 
1. To be used exclusively to override exterior, interior and seat belt color combinations. SOLD orders only. Color Combination Override is available at an additional charge.","1. To be used exclusively to override exterior, interior and seat belt color combinations. SOLD orders only. Color Combination Override is available at an additional charge.",A1,A1,A1,A1,A1,A1
R6X,"Custom Interior Trim and Seat Combination
1. SOLD orders only. Requires (HMO/HVV) Jet Black/Sky Cool Gray, (HZB/HVT) Sky Cool Gray/Jet Black, (HU0/HXO) Jet Black/Adrenaline Red, (HUU/HZP) Adrenaline Red/Jet Black interiors. See Custom Interior Trim and Seat Combinations color and trim chart.","1. SOLD orders only. Requires (HMO/HVV) Jet Black/Sky Cool Gray, (HZB/HVT) Sky Cool Gray/Jet Black, (HU0/HXO) Jet Black/Adrenaline Red, (HUU/HZP) Adrenaline Red/Jet Black interiors. See Custom Interior Trim and Seat Combinations color and trim chart.",--,--,A1,--,--,A1
U80,"Compass, digital",,S,S,S,S,S,S
,"Console, floor, 2 cup holders, auxiliary power outlet, 3 USB ports (2 type-C, 1 type-A), passenger grab handle and lockable storage",,S,S,S,S,S,S
,"Cruise control, electronic with set and resume speed",,S,S,S,S,S,S
,"Door locks, power programmable with lockout protection",,S,S,S,S,S,S
,"Floor mats, carpeted",,S,S,S,S,S,S
UEU,Forward Collision Alert,,S,S,S,S,S,S
,"Hatch release, push button open",,S,S,S,--,--,--
UV6,"Head-Up Display, color display with 3 modes: tour, sport, track; can display speed, gear, tachometer, paddle shift lights, turn signals, bright headlamps, turn-by-turn navigation, g-meter, speed limit",,S,S,S,S,S,S
,"Keyless Open and Start, includes 2 remote transmitters that enable automatic door unlock and open by touching door switch",,S,S,S,S,S,S
UHX,Lane Keep Assist with Lane Departure Warning,,S,S,S,S,S,S
,"Lighting, interior, theater dimming",,S,S,S,S,S,S
PEF,"LPO, Contoured Liner Protection Package, includes (CAV) contoured cargo area liners with Jake logo and (RIA) all-weather floor liners with Jake logo, Genuine Corvette Accessory",,A/D,A/D,A/D,A/D,A/D,A/D
PDY,"LPO, Roadside Safety Package, includes (RYT) First Aid Kit, LPO and (S08) Highway Safety Kit, LPO, Genuine Corvette Accessory",,A/D,A/D,A/D,A/D,A/D,A/D
W2D,"LPO, Cargo net set, Genuine Corvette Accessory",,A/D,--,--,A/D,--,--
RWU,"LPO, Cargo area organizer, collapsible, Genuine Corvette Accessory",,A/D,A/D,A/D,A/D,A/D,A/D
CAV,"LPO, Contoured cargo area liners with Jake logo, Genuine Corvette Accessory
1. Included with (PEF) Contoured Liner Protection Package, LPO.","1. Included with (PEF) Contoured Liner Protection Package, LPO.",A/D1,A/D1,A/D1,A/D1,A/D1,A/D1
RIA,"LPO, All-weather floor liners with Jake logo, Genuine Corvette Accessory
1. Included with (PEF) Contoured Liner Protection Package, LPO.","1. Included with (PEF) Contoured Liner Protection Package, LPO.",A/D1,A/D1,A/D1,A/D1,A/D1,A/D1
RYT,"LPO, First Aid Kit, Genuine Corvette Accessory
1. Included with (PDY) Roadside Safety Package.",1. Included with (PDY) Roadside Safety Package.,A/D1,A/D1,A/D1,A/D1,A/D1,A/D1
VYW,"LPO, Floor mats, premium carpeted with car silhouette logo on Stingray, Grand Sport, Grand Sport X, ZR1 and ZR1X models, Genuine Corvette Accessory",,A/D,A/D,A/D,A/D,A/D,A/D
SXB,"LPO, Suede frunk and trunk compartment liner, Black, Genuine Corvette Accessory",,A/D,A/D,A/D,A/D,A/D,A/D
SXR,"LPO, Suede frunk and trunk compartment liner, Adrenaline Red, Genuine Corvette Accessory",,A/D,A/D,A/D,A/D,A/D,A/D
SXT,"LPO, Suede frunk and trunk compartment liner, Natural, Genuine Corvette Accessory",,A/D,A/D,A/D,A/D,A/D,A/D
S08,"LPO, Highway Safety Kit, Genuine Corvette Accessory
1. Included with (PDY) Roadside Safety Package.",1. Included with (PDY) Roadside Safety Package.,A/D1,A/D1,A/D1,A/D1,A/D1,A/D1
S2L,"LPO, Set of premium leather weekend/travel bags, Genuine Corvette Accessory",,A/D,A/D,A/D,A/D,A/D,A/D
SC7,"LPO, Roof panel storage pouch, Genuine Corvette Accessory
1. Included with (SBT) dual roof, LPO.","1. Included with (SBT) dual roof, LPO.",A/D1,A/D1,A/D1,--,--,--
V8X,"LPO, Visible Carbon Fiber sill plates Genuine Corvette Accessory
1. Not available at this time.",1. Not available at this time.,--,--,A/D1,--,--,A/D1
AQA,"Memory Driver and Passenger Convenience Package, includes steering wheel and outside mirrors plus seat memory for both driver and passenger; key fob or door button activated",,--,■,■,--,■,■
DRZ,"Rear Camera Mirror, inside rearview auto-dimming with full camera display",,S,S,S,S,S,S
UE1,"OnStar services capable
1. See onstar.com for details and limitations. Services vary by model. Service plan required.",1. See onstar.com for details and limitations. Services vary by model. Service plan required.,S1,S1,S1,S1,S1,S1
VV4,"Wi-Fi Hotspot capable
1. Terms and limitations apply. See onstar.com or dealer for details.",1. Terms and limitations apply. See onstar.com or dealer for details.,S1,S1,S1,S1,S1,S1
U5G,"5G vehicle connectivity
1. Terms and limitations apply. See onstar.com or dealer for details.",1. Terms and limitations apply. See onstar.com or dealer for details.,S1,S1,S1,S1,S1,S1
UQT,Performance data and video recorder,,A,■,■,A,■,■
BV4,"Plaque, personalized, custom-made with your name or up to 24-character word or phrase limit and VIN
1. Available on SOLD orders only. (CFX) Personalized plaque is already included in (R8C) Corvette Museum Delivery.",1. Available on SOLD orders only. (CFX) Personalized plaque is already included in (R8C) Corvette Museum Delivery.,A1,A1,A1,A1,A1,A1
CFX,"Plaque, personalized with Corvette Museum logo, your name and VIN
1. Included and only available with (R8C) Corvette Museum Delivery.",1. Included and only available with (R8C) Corvette Museum Delivery.,A1,A1,A1,A1,A1,A1
UVB,HD Rear Vision Camera,,S,--,--,S,--,--
UVA,"HD Front and Rear Vision Cameras, front camera is curb view",,--,■,■,--,■,■
,Remote vehicle starter system,,S,S,S,S,S,S
719,"Seat belt color, Black
1. Not available with (HVZ) Asymmetrical Adrenaline Red/Jet Black interior or (HAG) Asymmetrical Santorini Blue/Jet Black interior. (HZN, HUF) Natural Dipped interiors and (EJH, EPX) Very Dark Atmosphere interiors comes with (3N9) Natural seat belt color; (H8T) Santorini Blue interior and (HAG) Asymmetrical Santorini Blue/Jet Black interior comes with (3A9) Santorini Blue seat belt color; (HNK) Adrenaline Red Dipped interior, (HVZ) Asymmetrical Adrenaline Red/Jet Black interior and (EL9) Santorini Blue Dipped with Torch Red accents interior comes with (3F9) Torch Red seat belt color; (HUW, HUX) Habanero interior comes with (379) Orange seat belt color.","1. Not available with (HVZ) Asymmetrical Adrenaline Red/Jet Black interior or (HAG) Asymmetrical Santorini Blue/Jet Black interior. (HZN, HUF) Natural Dipped interiors and (EJH, EPX) Very Dark Atmosphere interiors comes with (3N9) Natural seat belt color; (H8T) Santorini Blue interior and (HAG) Asymmetrical Santorini Blue/Jet Black interior comes with (3A9) Santorini Blue seat belt color; (HNK) Adrenaline Red Dipped interior, (HVZ) Asymmetrical Adrenaline Red/Jet Black interior and (EL9) Santorini Blue Dipped with Torch Red accents interior comes with (3F9) Torch Red seat belt color; (HUW, HUX) Habanero interior comes with (379) Orange seat belt color.",S,S,S1,S,S,S1
379,"Seat belt color, Orange
1. Not recommended with (HUQ, HU7, HUL, HUR) Adrenaline Red interiors. 
2. Not available with (HVZ) Asymmetrical Adrenaline Red/Jet Black interior or (HAG) Asymmetrical Santorini Blue/Jet Black interior. Not recommended with (HU2, HUA, HUU, HZP) Adrenaline Red interiors, (HNK) Adrenaline Red Dipped interior, (EJH, EPX) Very Dark Atmosphere interiors, (H8T) Santorini Blue interior or (EL9) Santorini Blue Dipped with Red accents interior. Included with (HUW, HUX) Habanero interiors.","1. Not recommended with (HUQ, HU7, HUL, HUR) Adrenaline Red interiors. 
2. Not available with (HVZ) Asymmetrical Adrenaline Red/Jet Black interior or (HAG) Asymmetrical Santorini Blue/Jet Black interior. Not recommended with (HU2, HUA, HUU, HZP) Adrenaline Red interiors, (HNK) Adrenaline Red Dipped interior, (EJH, EPX) Very Dark Atmosphere interiors, (H8T) Santorini Blue interior or (EL9) Santorini Blue Dipped with Red accents interior. Included with (HUW, HUX) Habanero interiors.",A1,A1,A2,A1,A1,A2
3N9,"Seat belt color, Natural
1. Recommended with (HTA, HTJ) Jet Black interior.
2. Recommended with (H1Y, HTM, HTP) Jet Black interior or (HTN, HTQ, HUV) Natural interior.
3. Recommended with (HMO, HTE, HTT, HU0, HVV, HXO) Jet Black interiors, (HUB, HUC) Ultimate Suede Jet Black interiors or (HTG, HUE) Natural interiors. Included with (HUF, HZN) Natural Dipped interiors and (EJH, EPX) Very Dark Atmosphere interiors. Not available with (HVZ) Asymmetrical Adrenaline Red/Jet Black interior or (HAG) Asymmetrical Santorini Blue/Jet Black interior.","1. Recommended with (HTA, HTJ) Jet Black interior.
2. Recommended with (H1Y, HTM, HTP) Jet Black interior or (HTN, HTQ, HUV) Natural interior.
3. Recommended with (HMO, HTE, HTT, HU0, HVV, HXO) Jet Black interiors, (HUB, HUC) Ultimate Suede Jet Black interiors or (HTG, HUE) Natural interiors. Included with (HUF, HZN) Natural Dipped interiors and (EJH, EPX) Very Dark Atmosphere interiors. Not available with (HVZ) Asymmetrical Adrenaline Red/Jet Black interior or (HAG) Asymmetrical Santorini Blue/Jet Black interior.",A1,A2,A3,A1,A2,A3
3A9,"Seat belt color, Santorini Blue
1. Not recommended with (HUQ, HU7, HUL, HUR) Adrenaline Red interiors. 
2. Not available with (HVZ) Asymmetrical Adrenaline Red/Jet Black interior. Not recommended with (HU2, HUA, HUU, HZP) Adrenaline Red interiors, (HNK) Adrenaline Red Dipped interior, (HUW, HUX) Habanero interiors or (EJH, EPX) Very Dark Atmosphere interiors. Included with (H8T) Santorini Blue interior and (HAG) Asymmetrical Santorini Blue/Jet Black interior.","1. Not recommended with (HUQ, HU7, HUL, HUR) Adrenaline Red interiors. 
2. Not available with (HVZ) Asymmetrical Adrenaline Red/Jet Black interior. Not recommended with (HU2, HUA, HUU, HZP) Adrenaline Red interiors, (HNK) Adrenaline Red Dipped interior, (HUW, HUX) Habanero interiors or (EJH, EPX) Very Dark Atmosphere interiors. Included with (H8T) Santorini Blue interior and (HAG) Asymmetrical Santorini Blue/Jet Black interior.",A1,A1,A2,A1,A1,A2
3F9,"Seat belt color, Torch Red
1. Not available with (HAG) Asymmetrical Santorini Blue/Jet Black interior. Not recommended with (HUW, HUX) Habanero interiors, (EJH, EPX) Very Dark Atmosphere interiors or (H8T) Santorini Blue interior. Included with (HNK) Adrenaline Red Dipped interior, (HVZ) Asymmetrical Adrenaline Red/Jet Black interior, (EL9) Santorini Blue Dipped with Red accents interior and (Z25) Grand Sport Launch Edition.","1. Not available with (HAG) Asymmetrical Santorini Blue/Jet Black interior. Not recommended with (HUW, HUX) Habanero interiors, (EJH, EPX) Very Dark Atmosphere interiors or (H8T) Santorini Blue interior. Included with (HNK) Adrenaline Red Dipped interior, (HVZ) Asymmetrical Adrenaline Red/Jet Black interior, (EL9) Santorini Blue Dipped with Red accents interior and (Z25) Grand Sport Launch Edition.",A,A,A1,A,A,A1
3M9,"Seat belt color, Yellow
1. Not recommended with (HUQ, HU7, HUL, HUR) Adrenaline Red interiors. 
2. Not available with (HVZ) Asymmetrical Adrenaline Red/Jet Black interior or (HAG) Asymmetrical Santorini Blue/Jet Black interior. Not recommended with (HU2, HUA, HUU, HZP) Adrenaline Red interiors, (HNK) Adrenaline Red Dipped interior, (HUF, HZN) Natural Dipped interiors, (HUW, HUX) Habanero interiors, (EJH, EPX) Very Dark Atmosphere interiors, (H8T) Santorini Blue interior or (EL9) Santorini Blue Dipped with Red accents interior.","1. Not recommended with (HUQ, HU7, HUL, HUR) Adrenaline Red interiors. 
2. Not available with (HVZ) Asymmetrical Adrenaline Red/Jet Black interior or (HAG) Asymmetrical Santorini Blue/Jet Black interior. Not recommended with (HU2, HUA, HUU, HZP) Adrenaline Red interiors, (HNK) Adrenaline Red Dipped interior, (HUF, HZN) Natural Dipped interiors, (HUW, HUX) Habanero interiors, (EJH, EPX) Very Dark Atmosphere interiors, (H8T) Santorini Blue interior or (EL9) Santorini Blue Dipped with Red accents interior.",A1,A1,A2,A1,A1,A2
AQ9,"Seats, GT1 bucket",,S,S,--,S,S,--
AH2,"Seats, GT2 bucket",,--,A,■,--,A,■
AE4,"Seats, Competition Sport bucket",,A,A,A,A,A,A
AUP,"Seats, mixed, driver Competition Sport bucket, passenger GT2 bucket
1. Requires (HVZ) Asymmetrical Adrenaline Red/Jet Black interior or (HAG) Asymmetrical Santorini Blue/Jet Black interior.",1. Requires (HVZ) Asymmetrical Adrenaline Red/Jet Black interior or (HAG) Asymmetrical Santorini Blue/Jet Black interior.,--,--,A1,--,--,A1
KQV,"Seats, heated and vented driver and passenger",,--,■,■,--,■,■
A2X,"Seat adjuster, driver 8-way power",,S,S,S,S,S,S
A7K,"Seat adjuster, passenger 8-way power",,S,S,S,S,S,S
AL9,"Seat adjuster, power driver lumbar control",,--,■,■,--,■,■
AT9,"Seat adjuster, power passenger lumbar control",,--,■,■,--,■,■
AHE,"Seat adjuster, driver power bolster",,--,■,■,--,■,■
AHH,"Seat adjuster, passenger power bolster",,--,■,■,--,■,■
N38,"Steering column, power tilt and telescopic",,S,S,S,S,S,S
NK4,"Steering wheel, leather-wrapped",,S,S,S,S,S,S
KI3,"Steering wheel, heated",,--,■,■,--,■,■
,"Steering wheel controls, audio, voice recognition, cruise and Driver Information Center",,S,S,S,S,S,S
BAZ,"Stealth Interior Trim Package, dark finish aluminum trim",,--,A,A,--,A,A
,"Custom Leather Wrapped Interior Package, features leather-wrapped upper instrument panel, door trim panels and console
1. When (HUB/HUC) Ultimate Suede Jet Black is ordered, the instrument panel, door trim panels and console will be suede.","1. When (HUB/HUC) Ultimate Suede Jet Black is ordered, the instrument panel, door trim panels and console will be suede.",--,--,■1,--,--,■1
IWE,"Sueded Microfiber-Wrapped Upper Interior Trim Package, includes headliner, visors, trim above windshield and rear window, and A-pillar trim",,--,--,■,--,--,■
FA5,"Trim, interior, carbon fiber cluster-surround and console/door switch plates",,--,A,A,--,A,A
TDM,"Teen Driver, a configurable feature that lets you activate customizable vehicle settings associated with a key fob, to help encourage safe driving behavior. It can limit certain available vehicle features, and it prevents certain safety systems from being turned off. An in-vehicle report card gives you information on driving habits and helps you to continue to coach your new driver",,S,S,S,S,S,S
,"Theft-deterrent system, vehicle, push button start, immobilizer and audible visual alarm",,S,S,S,S,S,S
UTJ,"Theft-deterrent system, electrical, unauthorized entry, activates the horn",,--,■,■,--,■,■
UTU,"Theft deterrent sensor, vehicle inclination",,--,■,■,--,■,■
UTV,"Theft deterrent sensor, vehicle interior movement",,--,■,■,--,■,■
,"Trunk release, push button open",,--,--,--,S,S,S
UG1,"Universal Home Remote, includes garage door opener, 3-channel programmable, located on driver visor ",,--,■,■,--,■,■
VHM,"Vehicle health management, provides advanced warning of vehicle issues",,S,S,S,S,S,S
,"Visors, driver and passenger illuminated vanity mirrors, covered",,S,S,S,S,S,S
,"Windows, power with driver and passenger Express-Down/Up",,S,S,S,S,S,S
PPW,Wireless Apple CarPlay/Wireless Android Auto,,S,S,S,S,S,S
K7A,"Wireless Phone Charging, wireless charging pad for phone or portable devices, located on center console",,S,--,--,S,--,--
K7B,"Wireless Phone Charging, 2 wireless charging pads for phone or portable devices, located on center console and between seatbacks",,--,■,■,--,■,■