option_id,rpo,price,option_name,description,detail_raw,section_id,selectable,display_order,active,display_behavior,
opt_uvb_001,UVB,,HD Rear Vision Camera,,,sec_1lte_001,FALSE,20,TRUE,,
opt_uqs_001,UQS,,"Audio system feature, Bose Premium 10-speaker system",,,sec_1lte_001,FALSE,30,TRUE,,
opt_k7a_001,K7A,,"Wireless Phone Charging, wireless charging pad for phone or portable devices, located on center console",,,sec_1lte_001,FALSE,40,TRUE,,
opt_dwk_001,DWK,,"Mirrors, outside heated, power-adjustable, manual-folding with turn signal indicators",,,sec_1lte_001,FALSE,50,TRUE,,
opt_uv6_001,UV6,,"Head-Up Display, color display with 3 modes: tour, sport, track; can display speed, gear, tachometer, paddle shift lights, turn signals, bright headlamps, turn-by-turn navigation, g-meter, speed limit",,,sec_2lte_001,FALSE,10,TRUE,,
opt_uqh_001,UQH,,"Audio system feature, Bose Performance Series Sound System with 14 speakers",,,sec_2lte_001,FALSE,30,TRUE,,
opt_uva_001,UVA,,"HD Front and Rear Vision Cameras, front camera is curb view",,,sec_2lte_001,FALSE,40,TRUE,,
opt_ufg_001,UFG,,Rear Cross Traffic Alert,,,sec_2lte_001,FALSE,50,TRUE,,
opt_k7b_001,K7B,,"Wireless Phone Charging, 2 wireless charging pads for phone or portable devices, located on center console and between seatbacks",,,sec_2lte_001,FALSE,60,TRUE,,
opt_ug1_001,UG1,,"Universal Home Remote, includes garage door opener, 3-channel programmable, located on driver visor",,,sec_2lte_001,FALSE,70,TRUE,,
opt_ki3_001,KI3,,"Steering wheel, heated",,,sec_2lte_001,FALSE,80,TRUE,,
opt_kqv_001,KQV,,"Seats, heated and vented driver and passenger",,,sec_2lte_001,FALSE,100,TRUE,,
opt_al9_001,AL9,,"Seat adjuster, power driver lumbar control",,,sec_2lte_001,FALSE,110,TRUE,,
opt_at9_001,AT9,,"Seat adjuster, power passenger lumbar control",,,sec_2lte_001,FALSE,120,TRUE,,
opt_ahe_001,AHE,,"Seat adjuster, driver power bolster",,,sec_2lte_001,FALSE,130,TRUE,,
opt_ahh_001,AHH,,"Seat adjuster, passenger power bolster",,,sec_2lte_001,FALSE,140,TRUE,,
opt_aqa_001,AQA,,"Memory Driver and Passenger Convenience Package, includes steering wheel and outside mirrors plus seat memory for both driver and passenger; key fob or door button activated",,,sec_2lte_001,FALSE,150,TRUE,,
opt_ap9_001,AP9,,"Cargo nets, 2",,,sec_2lte_001,FALSE,160,TRUE,,
opt_dyx_001,DYX,,"Mirrors, outside heated, power-adjustable, power-folding, driver-side auto-dimming with turn signal indicators",,,sec_2lte_001,FALSE,170,TRUE,,
opt_uft_001,UFT,,Side Blind Zone Alert,,,sec_2lte_001,FALSE,180,TRUE,,
opt_utj_001,UTJ,,"Theft-deterrent system, electrical, unauthorized entry, activates the horn",,,sec_2lte_001,FALSE,190,TRUE,,
opt_utv_001,UTV,,"Theft deterrent sensor, vehicle interior movement",,,sec_2lte_001,FALSE,200,TRUE,,
opt_utu_001,UTU,,"Theft deterrent sensor, vehicle inclination",,,sec_2lte_001,FALSE,210,TRUE,,
opt_iwe_001,IWE,,"Sueded Microfiber-Wrapped Upper Interior Trim Package, includes headliner, visors, trim above windshield and rear window, and A-pillar trim",,,sec_3lte_001,FALSE,20,TRUE,,
opt_673,,,"Custom Leather Wrapped Interior Package, features leather-wrapped upper instrument panel, door trim panels and console",,"When (HUB/HUC) Ultimate Suede Jet Black is ordered, the instrument panel, door trim panels and console will be suede.",sec_3lte_001,FALSE,10,TRUE,,
opt_eyt_001,EYT,0,Carbon Flash Exterior Badge Package,,,sec_badg_001,TRUE,10,TRUE,default_selected,
opt_eyk_001,EYK,395,Chrome Exterior Badge Package,,,sec_badg_001,TRUE,20,TRUE,,
opt_j6d_001,J6D,0,"Calipers, Dark Gray Metallic-painted",,,sec_cali_001,TRUE,15,TRUE,default_selected,
opt_j6f_001,J6F,795,"Calipers, Bright Red-painted",,,sec_cali_001,TRUE,20,TRUE,,
opt_j6e_001,J6E,795,"Calipers, Velocity Yellow-painted",,,sec_cali_001,TRUE,30,TRUE,,
opt_j6n_001,J6N,795,"Calipers, Edge Red-painted",,,sec_cali_001,TRUE,40,TRUE,,
opt_j6b_001,J6B,795,"Calipers, Blue-painted",,,sec_cali_001,TRUE,50,TRUE,,
opt_j6l_001,J6L,795,"Calipers, Orange-painted",,,sec_cali_001,TRUE,70,TRUE,,
opt_j6o_001,J6O,795,"Calipers, Bronze-painted",,,sec_cali_001,TRUE,80,TRUE,,
opt_d30_001,D30,1495,"Color Combination Override, provides the opportunity to individualize vehicle appearance by overriding recommended restrictions to exterior, interior and seat belt color combinations",,"To be used exclusively to override exterior, interior and seat belt color combinations. SOLD orders only. Color Combination Override is available at an additional charge.",sec_colo_001,TRUE,10,TRUE,auto_only,
opt_r6x_001,R6X,995,Custom Interior Trim and Seat Combination,,"SOLD orders only. Requires (HMO/HVV) Jet Black/Sky Cool Gray, (HZB/HVT) Sky Cool Gray/Jet Black, (HU0/HXO) Jet Black/Adrenaline Red, (HUU/HZP) Adrenaline Red/Jet Black interiors. See Custom Interior Trim and Seat Combinations color and trim chart.",sec_colo_001,TRUE,20,TRUE,auto_only,
opt_r8c_001,R8C,1695,"Corvette Museum Delivery, acknowledgement form required, includes (CFX) Corvette Museum logo plaque personalized with your name and VIN",,Must also add Ship To BAC 184590 (Dealer code 31-728). Available on SOLD orders only. Not available with LPO wheels.,sec_cust_001,TRUE,10,TRUE,,
opt_pin_001,PIN,5495,Customer VIN ending reservation,,This option is subject to restrictions and approval. NOT AVAILABLE on all VINs. Available on SOLD orders only.,sec_cust_001,TRUE,20,TRUE,,
opt_bv4_001,BV4,395,"Plaque, personalized, custom-made with your name or up to 24-character word or phrase limit and VIN",,Available on SOLD orders only. (CFX) Personalized plaque is already included in (R8C) Corvette Museum Delivery.,sec_cust_001,TRUE,30,TRUE,,
opt_pbc_001,PBC,9995,Customer Engine Build Program,,,sec_cust_001,TRUE,40,TRUE,,
opt_vk3_001,VK3,40,"License plate bracket, front",,Will be forced on orders with ship-to states that require a front license plate.,sec_cust_001,TRUE,50,TRUE,,
opt_36s_001,36S,495,"Competition Yellow custom leather stitch, includes seats, instrument panel, doors and console",,Requires (HTE/HTT/HUB/HUC) Jet Black interior.,sec_cust_002,TRUE,20,TRUE,,
opt_37s_001,37S,495,"Santorini Blue custom leather stitch, includes seats, instrument panel, doors and console",,Requires (HTE/HTT/HUB/HUC) Jet Black interior.,sec_cust_002,TRUE,30,TRUE,,
opt_38s_001,38S,495,"Adrenaline Red custom leather stitch, includes seats, instrument panel, doors and console",,Requires (HTE/HTT/HUB/HUC) Jet Black interior or (HU0/HXO) Adrenaline Red/Jet Black interior.,sec_cust_002,TRUE,10,TRUE,,
opt_b6p_001,B6P,1895,"Coupe Engine Appearance Package, includes carbon fiber trim and (SL9) engine specification plaque, LPO",,,sec_engi_001,TRUE,1,TRUE,,
opt_zz3_001,ZZ3,1195,"Convertible Engine Appearance Package, includes window under tonneau cover, engine intake and (SL9) engine specification plaque, LPO",,,sec_engi_001,TRUE,5,TRUE,,
opt_d3v_001,D3V,195,Engine lighting,,,sec_engi_001,TRUE,10,TRUE,,
opt_sl9_001,SL9,125,"LPO, Engine specification plaque, Genuine Corvette Accessory",,Included with (B6P/ZZ3) Engine Appearance Package.,sec_engi_001,TRUE,11,TRUE,,
opt_slk_001,SLK,1995,"LPO, Rear hatch strut bracket, Edge Red, Genuine Corvette Accessory",,,sec_engi_001,TRUE,50,TRUE,,
opt_sln_001,SLN,2895,"LPO, Visible carbon fiber engine cross brace with Jake logo, Genuine Corvette Accessory",,,sec_engi_001,TRUE,60,TRUE,,
opt_etv_001,ETV,995,"Exterior trim, carbon fiber split window trim, painted body-color",,,sec_engi_001,TRUE,,TRUE,,
opt_nga_001,NGA,0,"Exhaust tips, Black",,,sec_exha_001,TRUE,10,TRUE,,
opt_wub_001,WUB,,"NEW!Exhaust, quad center exit",,,sec_stan_001,FALSE,20,TRUE,,
opt_nwi_001,NWI,395,"NEW!Exhaust tips, bright, center, quad, exposed",,,sec_exha_001,TRUE,30,TRUE,,
opt_efr_001,EFR,0,"Exterior accents, Carbon Flash, side vents and front/rear grille accents",,Also includes tonneau grille.,sec_exte_001,TRUE,10,TRUE,default_selected,
opt_zyc_001,ZYC,295,"Carbon Flash Metallic-painted outside mirrors and spoiler (when equipped with T0E standard spoiler), includes (DRG) Carbon Flash Metallic-painted outside mirrors",,Not available with exterior color (GBA) Black.,sec_exte_001,TRUE,30,TRUE,,
opt_drg_001,DRG,,"Mirrors, outside, Carbon Flash Metallic-painted",,"Included and only available with (ZYC) Carbon Flash Metallic-painted outside mirrors and spoiler (when equipped) or (5JR) outside mirror covers in visible Carbon Fiber, LPO.",sec_incl_001,FALSE,10,TRUE,,
opt_tr7_001,TR7,,"Headlamp control, automatic leveling system",,Included and only available with (E60) front lift adjustable height.,sec_incl_001,FALSE,20,TRUE,,
opt_cfx_001,CFX,,"Plaque, personalized with Corvette Museum logo, your name and VIN",,Included and only available with (R8C) Corvette Museum Delivery.,sec_incl_001,FALSE,30,TRUE,,
opt_xfr_001,XFR,,"Tires, 275/30ZR20 front and 345/25ZR21 rear, blackwall, high performance",,,sec_incl_001,FALSE,60,TRUE,,
opt_xfs_001,XFS,,"Tires, 275/30ZR20 front and 345/25ZR21 rear, blackwall, Michelin Pilot Sport Cup 2 R ultra performance",,Included and only available with (ZTK) ZTK Performance Package.,sec_incl_001,FALSE,70,TRUE,,
opt_r8e_002,R8E,,"Gas guzzler tax, mandatory federal tax added to price of vehicle",,,sec_incl_001,FALSE,5,TRUE,auto_added,
opt_uqt_001,UQT,1495,Performance data and video recorder,,,sec_inte_001,TRUE,10,TRUE,,variant_override
opt_baz_001,BAZ,695,"Stealth Interior Trim Package, dark finish aluminum trim",,,sec_inte_001,TRUE,20,TRUE,,
opt_fa5_001,FA5,1795,"Trim, interior, carbon fiber cluster-surround and console/door switch plates",,,sec_inte_001,TRUE,30,TRUE,,
opt_fa6_001,FA6,5295,"Trim, interior, level 2, carbon fiber instrument panel trim, cluster-surround and console/door inserts",,Not available with (FA5) carbon fiber interior trim.,sec_inte_001,TRUE,40,TRUE,,
opt_n26_001,N26,695,"Steering wheel, sueded microfiber-wrapped",,Requires (HTJ) Jet Black interior.,sec_inte_001,TRUE,60,TRUE,,
opt_n2z_001,N2Z,895,"Steering wheel, carbon fiber and sueded microfiber-wrapped",,"Requires leather seating surfaces with perforated sueded microfiber inserts interiors: HTT, HU9, HUA, HTG, HUF, HMO, HVT, HXO, HZP, HUX, EPX, HUB.",sec_inte_001,TRUE,70,TRUE,,
opt_n3w_002,N3W,0,"Steering wheel, carbon fiber and leather-wrapped",,,sec_inte_001,FALSE,80,TRUE,,
opt_tu7_001,TU7,595,"Seats, two-tone",,"Requires (AH2) GT2 seats. Available with (HU1/HU9) Sky Cool Gray, (HU2/HUA) Adrenaline Red, (HUE/HTG) Natural, (HMO/HVV) Jet Black/Sky Cool Gray, (HU0/HXO) Jet Black/Adrenaline Red interiors.",sec_inte_001,TRUE,50,TRUE,,
opt_sda_001,SDA,150,"LPO, Black recovery hook, Genuine Corvette Accessory",,,sec_lpoe_001,TRUE,10,TRUE,,
opt_sfz_001,SFZ,250,"LPO, Dark Stealth crossed flags emblems, front and rear on Z06 models, front and rear on Grand Sport, Z06, ZR1 and ZR1X models, Genuine Corvette Accessory",,"Not available with (EYK) Chrome Exterior Badge Package or any Full Length Dual Racing Stripes (DPB, DPC, DPG, DPL, DPT, DSY, DSZ, DT0, DTB, DTH, DUB, DUE, DUK, DUW) or (SB9) Hood and Roof Decal Package LPO.",sec_lpoe_001,TRUE,20,TRUE,,
opt_r88_001,R88,695,"LPO, Illuminated crossed flags emblem, front, Genuine Corvette Accessory",,"Not available with (SFZ) Dark Stealth crossed flags emblems, LPO, (EYK) Chrome Exterior Badge Package or any Full Length Dual Racing Stripes (DPB, DPC, DPG, DPL, DPT, DSY, DSZ, DT0, DTB, DTH, DUB, DUE, DUK, DUW).",sec_lpoe_001,TRUE,21,TRUE,,
opt_sbt_001,SBT,2525,"LPO, Dual roof, adds transparent removable roof panel and includes (SC7) roof panel storage pouch, Genuine Corvette Accessories",,,sec_lpoe_001,TRUE,30,TRUE,,
opt_sc7_001,SC7,195,"LPO, Roof panel storage pouch, Genuine Corvette Accessory",,"Included with (SBT) dual roof, LPO.",sec_lpoe_001,TRUE,31,TRUE,,
opt_vtb_001,VTB,150,"LPO, Rear fascia/roof storage protector in Black with embroidered crossed flags logo, Genuine Corvette Accessory",,,sec_lpoe_001,TRUE,40,TRUE,,
opt_pcq_001,PCQ,1675,"LPO, Grille Screen Protection Package, includes (VWE) front radiator grille screens LPO and (VWT) insect protection grille screen LPO, Genuine Corvette Accessories",,,sec_lpoe_001,TRUE,45,TRUE,,
opt_vwe_001,VWE,950,"LPO, Front radiator grille screens, Genuine Corvette Accessory",,"Included with (PCQ) Grille Screen Protection Package, LPO.",sec_lpoe_001,TRUE,50,TRUE,,
opt_vwt_001,VWT,795,"LPO, Insect protection grille screen, Genuine Corvette Accessory",,"Included with (PCQ) Grille Screen Protection Package, LPO.",sec_lpoe_001,TRUE,55,TRUE,,
opt_5jr_001,5JR,1395,"LPO, Outside mirror covers in visible Carbon Fiber, includes (DRG) Carbon Flash Metallic-painted outside mirrors, Genuine Corvette Accessory",,,sec_lpoe_001,TRUE,60,TRUE,,
opt_rwh_001,RWH,495,"LPO, Premium indoor car cover, Black with crossed flags logo, Genuine Corvette Accessory",,,sec_lpoe_001,TRUE,70,TRUE,,
opt_wkr_001,WKR,1275,"LPO, Premium indoor car cover, GT3.R, fully rendered, Genuine Corvette Accessory",,"Not available with (TOM) ZR1 Carbon Fiber Aero Package.
Not available with (TOM) ZR1X Carbon Fiber Aero Package.",sec_lpoe_001,TRUE,71,TRUE,,
opt_rwj_001,RWJ,495,"LPO, Premium outdoor car cover, Gray with crossed flags logo and Corvette silhouette, Genuine Corvette Accessory",,"Not available with (TOM) ZR1 Carbon Fiber Aero Package.
Not available with (TOM) ZR1X Carbon Fiber Aero Package.",sec_lpoe_001,TRUE,72,TRUE,,
opt_rin_001,RIN,440,"LPO, Rear Corvette script badge in Arctic White, Genuine Corvette Accessory",,"Not available with RIK, SL8.",sec_lpoe_001,TRUE,80,TRUE,,
opt_sl8_001,SL8,495,"LPO, Rear Corvette script badge in Edge Red, Genuine Corvette Accessory",,"Not available with RIK, RIN.",sec_lpoe_001,TRUE,81,TRUE,,
opt_rik_001,RIK,395,"LPO, Rear Corvette script badge in Torch Red, Genuine Corvette Accessory",,"Not available with RIN, SL8.",sec_lpoe_001,TRUE,82,TRUE,,
opt_sig_001,SIG,425,"LPO, Spoiler extension, clear smoked center bridge with Jake logo, Genuine Corvette Accessory",,Requires (T0E) rear spoiler.,sec_lpoe_001,TRUE,90,TRUE,,
opt_pdy_001,PDY,195,"LPO, Roadside Safety Package, includes (RYT) First Aid Kit, LPO and (S08) Highway Safety Kit, LPO, Genuine Corvette Accessory",,,sec_lpoi_001,TRUE,5,TRUE,,
opt_ryt_001,RYT,60,"LPO, First Aid Kit, Genuine Corvette Accessory",,Included with (PDY) Roadside Safety Package.,sec_lpoi_001,TRUE,6,TRUE,,
opt_s08_001,S08,150,"LPO, Highway Safety Kit, Genuine Corvette Accessory",,Included with (PDY) Roadside Safety Package.,sec_lpoi_001,TRUE,7,TRUE,,
opt_pef_001,PEF,475,"LPO, Contoured Liner Protection Package, includes (CAV) contoured trunk cargo area liner with Jake logo and (RIA) all-weather floor liners with Jake logo, Genuine Corvette Accessory",,,sec_lpoi_001,TRUE,30,TRUE,,
opt_ria_001,RIA,265,"LPO, All-weather floor liners with Jake logo, Genuine Corvette Accessory",,"Included with (PEF) Contoured Liner Protection Package, LPO.",sec_lpoi_001,TRUE,31,TRUE,,
opt_cav_001,CAV,230,"LPO, Contoured cargo area liner with Jake logo, Genuine Corvette Accessory",,"Included with (PEF) Contoured Liner Protection Package, LPO.",sec_lpoi_001,TRUE,32,TRUE,,
opt_vyw_001,VYW,275,"LPO, Floor mats, premium carpeted with car silhouette logo on Stingray, Grand Sport, ZR1 and ZR1X models, Genuine Corvette Accessory",,,sec_lpoi_001,TRUE,40,TRUE,,
opt_rwu_001,RWU,175,"LPO, Cargo area organizer, collapsible, Genuine Corvette Accessory",,,sec_lpoi_001,TRUE,50,TRUE,,
opt_w2d_001,W2D,125,"LPO, Cargo net set, Genuine Corvette Accessory",,,sec_lpoi_001,TRUE,60,TRUE,,
opt_s2l_001,S2L,1695,"LPO, Set of premium leather weekend/travel bags, Genuine Corvette Accessory",,,sec_lpoi_001,TRUE,70,TRUE,,
opt_sxb_001,SXB,2095,"LPO, Suede trunk compartment liner, Black, Genuine Corvette Accessory",,,sec_lpoi_001,TRUE,80,TRUE,,
opt_sxr_001,SXR,2095,"LPO, Suede trunk compartment liner, Adrenaline Red, Genuine Corvette Accessory",,,sec_lpoi_001,TRUE,81,TRUE,,
opt_sxt_001,SXT,2695,"LPO, Suede trunk compartment liner, Natural, Genuine Corvette Accessory",,,sec_lpoi_001,TRUE,82,TRUE,,
opt_v8x_001,V8X,,"LPO, Visible Carbon Fiber sill plates, with car silhouette logo, replaces factory sill plates, Genuine Corvette Accessory",,Not available at this time.,sec_lpoi_001,TRUE,,FALSE,,
opt_t0e_001,T0E,0,"Spoiler, rear",,,sec_perf_aero_001,TRUE,10,TRUE,default_selected,
opt_tom_001,TOM,12995,"ZR1 Carbon Fiber Aero Package, visible carbon fiber, includes carbon fiber high-wing spoiler, dive planes, and tall hood spoiler",,,sec_perf_aero_001,TRUE,20,TRUE,,
opt_j58_002,J58,,"Brakes, 4-wheel antilock, 4-wheel disc, carbon ceramic, ZR1-specific",,,sec_perf_brake_001,FALSE,,TRUE,,
opt_j59_002,J59,,"Brakes, 4-wheel antilock, 4-wheel disc, carbon ceramic, 10-piston front, 6-piston rear",,Included and only available with (ZTK) ZTK Performance Package.,sec_perf_brake_001,FALSE,,TRUE,auto_added,
opt_eri_001,ERI,100,Battery Protection Package,,12-volt battery.,sec_perf_support_001,TRUE,10,TRUE,,
opt_e60_001,E60,2995,"Front lift adjustable height with memory, includes (TR7) automatic headlamp leveling system",,,sec_perf_support_001,TRUE,15,TRUE,,
opt_ztk_001,ZTK,5995,"ZTK Track Performance Package, includes (FEJ/FEZ) ZTK suspension with Magnetic Selective Ride Control and (XFS) 275/30ZR20 front and 345/25ZR21 rear Michelin Pilot Sport Cup 2 R ultra performance tires",,"Also includes (J59) carbon ceramic, 10-piston front/6-piston rear brakes. Requires (TOM) ZR1 Carbon Fiber Aero Package.
Requires (TOM) ZR1X Carbon Fiber Aero Package.",sec_perf_z52_001,TRUE,10,TRUE,,
opt_c2z_001,C2Z,,"Roof panel, visible carbon fiber with body-color surround, removable",,,sec_stan_001,FALSE,11,TRUE,,
opt_aj7_001,AJ7,,"Airbags, frontal and side-impact, driver and passenger with Passenger Sensing System",,"Always use seat belts and child restraints. Never place an infant or child restraint seat in the front seat, even if the airbag is off. See the Owner's Manual for more information.",sec_safe_001,FALSE,10,TRUE,,
opt_uhy_001,UHY,,Automatic Emergency Braking,,,sec_safe_001,FALSE,20,TRUE,,
opt_ueu_001,UEU,,Forward Collision Alert,,,sec_safe_001,FALSE,30,TRUE,,
opt_ukt_001,UKT,,Front Pedestrian and Bicyclist Braking,,,sec_safe_001,FALSE,40,TRUE,,
opt_tq5_001,TQ5,,"IntelliBeam, auto high beam",,,sec_safe_001,FALSE,50,TRUE,,
opt_uhx_001,UHX,,Lane Keep Assist with Lane Departure Warning,,,sec_safe_001,FALSE,60,TRUE,,
opt_drz_001,DRZ,,"Rear Camera Mirror, inside rearview auto-dimming with full camera display",,,sec_safe_001,FALSE,70,TRUE,,
opt_ud7_001,UD7,,Rear Park Assist,,,sec_safe_001,FALSE,80,TRUE,,
opt_tdm_001,TDM,,"Teen Driver, a configurable feature that lets you activate customizable vehicle settings associated with a key fob, to help encourage safe driving behavior. It can limit certain available vehicle features, and it prevents certain safety systems from being turned off. An in-vehicle report card gives you information on driving habits and helps you to continue to coach your new driver",,,sec_safe_001,FALSE,90,TRUE,,
opt_719_001,719,0,"Seat belt color, Black",,"(HZN, HUF) Natural Dipped interior comes with (3N9) Natural seat belt color; (H8T) Santorini Blue interior and (HAG) Asymmetrical Santorini Blue/Jet Black interior comes with (3A9) Santorini Blue seat belt color; (HNK) Adrenaline Red Dipped interior comes with (3F9) Torch Red seat belt color; (HUW, HUX) Habanero interior comes with (379) Orange seat belt color.",sec_seat_001,TRUE,10,TRUE,default_selected,
opt_3n9_001,3N9,595,"Seat belt color, Natural",,"Recommended with (HTA, HTJ) Jet Black interior.
Recommended with (HMO, HTE, HTT, HU0, HVV, HXO) Jet Black interiors, (HTG, HUE) Natural interiors or (EJH, EPX) Very Dark Atmosphere interiors. Included with (HUF, HZN) Natural Dipped interiors.",sec_seat_001,TRUE,20,TRUE,,
opt_379_001,379,595,"Seat belt color, Orange",,"Not recommended with (HUQ, HU7, HUL, HUR) Adrenaline Red interiors.
Not recommended with (HU2, HUA, HUU, HZP) Adrenaline Red interiors, (HNK) Adrenaline Red Dipped interior, (HUF, HZN) Natural Dipped interiors, (HVZ) Asymmetrical Adrenaline Red/Jet Black interior, (EJH, EPX) Very Dark Atmosphere interiors or (HAG) Asymmetrical Santorini Blue/Jet Black interior. Included with (HUW, HUX) Habanero interiors.",sec_seat_001,TRUE,30,TRUE,,
opt_3a9_001,3A9,595,"Seat belt color, Santorini Blue",,"Not recommended with (HUQ, HU7, HUL, HUR) Adrenaline Red interiors.
Not recommended with (HU2, HUA, HUU, HZP) Adrenaline Red interiors, (HNK) Adrenaline Red Dipped interior, (HUW, HUX) Habanero interiors, (EJH, EPX) Very Dark Atmosphere interiors or (HVZ) Asymmetrical Adrenaline Red/Jet Black interior. Included with (H8T) Santorini Blue interior and (HAG) Asymmetrical Santorini Blue/Jet Black interior.",sec_seat_001,TRUE,40,TRUE,,
opt_3f9_001,3F9,595,"Seat belt color, Torch Red",,"Not recommended with (HUW, HUX) Habanero interiors or (EJH, EPX) Very Dark Atmosphere interiors. Included with (HNK) Adrenaline Red Dipped interior.",sec_seat_001,TRUE,50,TRUE,,
opt_3m9_001,3M9,595,"Seat belt color, Yellow",,"Not recommended with (HUQ, HU7, HUL, HUR) Adrenaline Red interiors.
Not recommended with (HU2, HUA, HUU, HZP) Adrenaline Red interiors, (HNK) Adrenaline Red Dipped interior, (HVZ) Asymmetrical Adrenaline Red/Jet Black interior, (HUW, HUX) Habanero interiors, (EJH, EPX) Very Dark Atmosphere interiors, (H8T) Santorini Blue interior or (HAG) Asymmetrical Santorini Blue/Jet Black interior.",sec_seat_001,TRUE,60,TRUE,,
opt_aq9_001,AQ9,0,"Seats, GT1 bucket",,,sec_seat_002,TRUE,10,TRUE,,
opt_ah2_001,AH2,1695,"Seats, GT2 bucket",,,sec_seat_002,TRUE,25,TRUE,,
opt_ae4_002,AE4,1095,"Seats, Competition Sport bucket",,,sec_seat_002,TRUE,40,TRUE,,
opt_aup_001,AUP,350,"Seats, mixed, driver Competition Sport bucket, passenger GT2 bucket",,Requires (HVZ) Asymmetrical Adrenaline Red/Jet Black interior or (HAG) Asymmetrical Santorini Blue/Jet Black interior.,sec_seat_002,TRUE,80,TRUE,,
opt_cj2_001,CJ2,,"Air conditioning, dual-zone automatic climate control, individual climate settings for driver and passenger, with outside temperature display",,,sec_stan_001,FALSE,10,TRUE,,
opt_u80_001,U80,,"Compass, digital",,,sec_stan_001,FALSE,20,TRUE,,
opt_npp_001,NPP,,"Exhaust, performance, aggressive exhaust sound varies with driver mode selected",,,sec_stan_001,FALSE,30,TRUE,,
opt_t4l_001,T4L,,"Headlamps, LED",,,sec_stan_001,FALSE,40,TRUE,,
opt_a2x_001,A2X,,"Seat adjuster, driver 8-way power",,,sec_stan_001,FALSE,60,TRUE,,
opt_a7k_001,A7K,,"Seat adjuster, passenger 8-way power",,,sec_stan_001,FALSE,70,TRUE,,
opt_n38_001,N38,,"Steering column, power tilt and telescopic",,,sec_stan_001,FALSE,80,TRUE,,
opt_vhm_001,VHM,,"Vehicle health management, provides advanced warning of vehicle issues",,,sec_stan_001,FALSE,90,TRUE,,
opt_g0k_001,G0K,,"Rear axle, 5.56 ratio",,,sec_stan_001,FALSE,120,TRUE,,
opt_b4z_001,B4Z,,Performance Traction Management,,,sec_stan_001,FALSE,130,TRUE,,
opt_509,,,Air filtration system with pollen filter,,,sec_stan_001,FALSE,,TRUE,,
opt_529,,,"Console, floor, 2 cup holders, auxiliary power outlet, 3 USB ports (2 type-C, 1 type-A), passenger grab handle and lockable storage",,,sec_stan_001,FALSE,,TRUE,,
opt_531,,,"Cruise control, electronic with set and resume speed",,,sec_stan_001,FALSE,,TRUE,,
opt_535,,,"Door locks, power programmable with lockout protection",,,sec_stan_001,FALSE,,TRUE,,
opt_537,,,"Floor mats, carpeted",,,sec_stan_001,FALSE,,TRUE,,
opt_541,,,"Hatch release, push button open",,,sec_stan_001,FALSE,,TRUE,,
opt_545,,,"Keyless Open and Start, includes 2 remote transmitters that enable automatic door unlock and open by touching door switch",,,sec_stan_001,FALSE,,TRUE,,
opt_549,,,"Lighting, interior, theater dimming",,,sec_stan_001,FALSE,,TRUE,,
opt_613,,,Remote vehicle starter system,,,sec_stan_001,FALSE,,TRUE,,
opt_663,,,"Steering wheel controls, audio, voice recognition, cruise and Driver Information Center",,,sec_stan_001,FALSE,,TRUE,,
opt_683,,,"Theft-deterrent system, vehicle, push button start, immobilizer and audible visual alarm",,,sec_stan_001,FALSE,,TRUE,,
opt_691,,,"Trunk release, push button open",,,sec_stan_001,FALSE,,TRUE,,
opt_697,,,"Visors, driver and passenger illuminated vanity mirrors, covered",,,sec_stan_001,FALSE,,TRUE,,
opt_699,,,"Windows, power with driver and passenger Express-Down/Up",,,sec_stan_001,FALSE,,TRUE,,
opt_707,,,"Antenna, integral front and rear",,,sec_stan_001,FALSE,,TRUE,,
opt_723,,,Daytime running lamps,,,sec_stan_001,FALSE,,TRUE,,
opt_731,,,"Glass, Solar-Ray light-tinted",,,sec_stan_001,FALSE,,TRUE,,
opt_849,,,"Wipers, front intermittent",,,sec_stan_001,FALSE,,TRUE,,
opt_851,,,"Active handling stability control, improves traction and enhances vehicle stability",,,sec_stan_001,FALSE,,TRUE,,
opt_863,,,NEW!Intersection Automatic Emergency Braking,,,sec_stan_001,FALSE,,TRUE,,
opt_911,,,"Frame, aluminum structure",,,sec_stan_001,FALSE,,TRUE,,
opt_921,,,Oil life monitoring system,,,sec_stan_001,FALSE,,TRUE,,
opt_927,,,"Steering, power, electric, speed-sensitive, rack-and-pinion, variable ratio",,,sec_stan_001,FALSE,,TRUE,,
opt_937,,,"Traction control, all-speed",,,sec_stan_001,FALSE,,TRUE,,
opt_cfc_002,CFC,,"Convertible top, retractable, power-folding hard top, visible carbon fiber, remote control (down only), includes power glass rear window with integral defogger; Nacelles, A-pillars, and header are Carbon-Flash painted (body-color when (GBA) Black exterior color is selected)",,,sec_stan_001,FALSE,,TRUE,,
opt_cfv_002,CFV,,"Ground effects, visible carbon fiber",,,sec_stan_001,FALSE,,TRUE,,
opt_dy0_002,DY0,,"Display hood, Carbon Fiber, located above the Driver Information Center display",,,sec_stan_001,FALSE,,TRUE,,
opt_lt7_002,LT7,,"Engine, 5.5L V8 Twin Turbo, TPI, DI, high-output, Variable Valve Timing (VVT) (1064 hp [793 kW] @ 7000 rpm, 828 lb-ft of torque [1123 N-m] @ 6000 rpm)",,,sec_stan_001,FALSE,,TRUE,,
opt_m1k_002,M1K,,"Transmission, 8-speed dual clutch, includes manual and auto modes",,,sec_stan_001,FALSE,,TRUE,,
opt_nk4_001,NK4,,"Steering wheel, leather-wrapped",,,sec_stan_002,FALSE,80,TRUE,,
opt_dth_001,DTH,1295,Carbon Flash Metallic Full Length Dual Racing Stripes,,,sec_stri_001,TRUE,10,TRUE,,
opt_dub_001,DUB,1295,Sterling Silver Full Length Dual Racing Stripes,,,sec_stri_001,TRUE,20,TRUE,,
opt_dt0_001,DT0,1295,Competition Yellow Full Length Dual Racing Stripes,,Not available with exterior color (GBK) Competition Yellow Tintcoat Metallic.,sec_stri_001,TRUE,30,TRUE,,
opt_duw_001,DUW,1295,Edge Blue Full Length Dual Racing Stripes,,Not available with exterior color (GTR) Admiral Blue Metallic.,sec_stri_001,TRUE,40,TRUE,,
opt_dsy_001,DSY,1295,Edge Orange Full Length Dual Racing Stripes,,Not available with exterior color (G26) Sebring Orange Tintcoat.,sec_stri_001,TRUE,50,TRUE,,
opt_dsz_001,DSZ,1295,Edge Red Full Length Dual Racing Stripes,,Not available with exterior color (GKZ) Torch Red or (GPH) Red Mist Metallic Tintcoat.,sec_stri_001,TRUE,60,TRUE,,
opt_dpb_001,DPB,1295,Carbon Flash with Blue accent Full Length Dual Racing Stripes,,Not available with exterior color (GTR) Admiral Blue Metallic.,sec_stri_001,TRUE,70,TRUE,,
opt_dpg_001,DPG,1295,Carbon Flash with Orange accent Full Length Dual Racing Stripes,,Not available with exterior color (G26) Sebring Orange Tintcoat.,sec_stri_001,TRUE,80,TRUE,,
opt_dpl_001,DPL,1295,Carbon Flash with Red accent Full Length Dual Racing Stripes,,Not available with exterior color (GKZ) Torch Red or (GPH) Red Mist Metallic Tintcoat.,sec_stri_001,TRUE,90,TRUE,,
opt_dpt_001,DPT,1295,Carbon Flash with Silver accent Full Length Dual Racing Stripes,,,sec_stri_001,TRUE,100,TRUE,,
opt_dpc_001,DPC,1295,Carbon Flash with Yellow accent Full Length Dual Racing Stripes,,Not available with exterior color (GBK) Competition Yellow Tintcoat Metallic.,sec_stri_001,TRUE,110,TRUE,,
opt_duk_001,DUK,1295,Asymmetrical Edge Red/Carbon Flash Full Length Dual Racing Stripes,,Not available with exterior color (GKZ) Torch Red or (GPH) Red Mist Metallic Tintcoat.,sec_stri_001,TRUE,120,TRUE,,
opt_due_001,DUE,1295,NEW!Asymmetrical Santorini Blue/Carbon Flash Full Length Dual Racing Stripes,,Not available with exterior color (GTR) Admiral Blue Metallic.,sec_stri_001,TRUE,130,TRUE,,
opt_sb9_001,SB9,895,"NEW!LPO, Hood and Roof Decal Package, Genuine Corvette Accessory",,"Not available with any Full Length Dual Racing Stripes (DPB, DPC, DPG, DPL, DPT, DSY, DSZ, DT0, DTB, DTH, DUB, DUE, DUK, DUW).",sec_stri_001,TRUE,140,TRUE,,
opt_fe8_002,FE8,,"Suspension, performance with Magnetic Selective Ride Control",,,sec_susp_001,FALSE,10,TRUE,,
opt_fej_001,FEJ,,"Suspension, ZTK with Magnetic Selective Ride Control",,Included and only available with (ZTK) ZTK Performance Package.,sec_susp_001,FALSE,20,TRUE,,
opt_ive_001,IVE,,"Infotainment system with Google Built-In,12.7"" diagonal center console display, 14"" diagonal Driver Information Center, and 6.6"" diagonal auxiliary touchscreen, with Google Built-In compatibility, including navigation capability, connected apps, Natural Voice Recognition. Phone integration for Wireless Apple CarPlay/Wireless Android Auto for compatible phones",,,sec_tech_001,FALSE,10,TRUE,,
opt_ppw_001,PPW,,Wireless Apple CarPlay/Wireless Android Auto,,,sec_tech_001,FALSE,20,TRUE,,
opt_u2k_002,U2K,,SiriusXM with 360L Trial Subscription. SiriusXM with 360L transforms your customers' ride with our most extensive and personalized radio experience on the road.,,"IMPORTANT: The SiriusXM trial subscription is not provided on vehicles that are ordered for Fleet Daily Rental (""FDR"") use. Trial subscription is subject to the SiriusXM Customer Agreement and privacy policy, visit siriusxm.com which includes full terms and how to cancel. All fees, content, features, and availability are subject to change.",sec_tech_001,FALSE,30,TRUE,,
opt_u5g_002,U5G,,5G vehicle connectivity,,Terms and limitations apply. See onstar.com or dealer for details.,sec_tech_001,FALSE,40,TRUE,,
opt_ue1_002,UE1,,OnStar services capable,,See onstar.com for details and limitations. Services vary by model. Service plan required.,sec_tech_001,FALSE,50,TRUE,,
opt_vv4_002,VV4,,Wi-Fi Hotspot capable,,Terms and limitations apply. See onstar.com or dealer for details.,sec_tech_001,FALSE,60,TRUE,,
opt_spy_001,SPY,320,"LPO, Black lug nuts, Genuine Corvette Accessory",,"Not available with (S47) Chrome lug nuts, LPO.",sec_whee_001,TRUE,10,TRUE,,
opt_spz_001,SPZ,105,"LPO, Black wheel locks, Genuine Corvette Accessory",,"Requires (SPY) Black lug nuts, LPO.",sec_whee_001,TRUE,20,TRUE,,
opt_s47_001,S47,275,"LPO, Chrome lug nuts, Genuine Corvette Accessory",,"Not available with (SPY) Black lug nuts, LPO or (SU1) 20"" front/21"" rear 10-spoke, visible carbon fiber wheels.",sec_whee_001,TRUE,30,TRUE,,
opt_sfe_001,SFE,125,"LPO, Chrome wheel locks, Genuine Corvette Accessory",,"Not available with (SPY) Black lug nuts, LPO or (SU1) 20"" front/21"" rear 10-spoke, visible carbon fiber wheels.",sec_whee_001,TRUE,40,TRUE,,
opt_5zd_001,5ZD,250,"LPO, Carbon Flash wheel center caps with crossed flags logo, Genuine Corvette Accessory",,,sec_whee_001,TRUE,50,TRUE,,
opt_5zc_001,5ZC,250,"LPO, Jake logo wheel center caps. Genuine Corvette Accessory",,,sec_whee_001,TRUE,60,TRUE,,
opt_sof_001,SOF,1495,"Wheels, 20"" x 10"" (50.8 cm x 25.4 cm) front and 21"" x 13"" (53.3 cm x 33 cm) rear 20-spoke, Edge Blue-painted forged aluminum",,,sec_whee_002,TRUE,40,TRUE,,
opt_sog_001,SOG,1995,"Wheels, 20"" x 10"" (50.8 cm x 25.4 cm) front and 21"" x 13"" (53.3 cm x 33 cm) rear 20-spoke, Carbon Flash-painted forged aluminum",,,sec_whee_002,TRUE,20,TRUE,,
opt_soh_001,SOH,1995,"Wheels, 20"" x 10"" (50.8 cm x 25.4 cm) front and 21"" x 13"" (53.3 cm x 33 cm) rear 20-spoke, Bright machined forged aluminum",,,sec_whee_002,TRUE,30,TRUE,,
opt_soj_002,SOJ,0,"Wheels, 20"" x 10"" (50.8 cm x 25.4 cm) front and 21"" x 13"" (53.3 cm x 33 cm) rear 20-spoke, Sterling Silver-painted forged aluminum",,,sec_whee_002,TRUE,10,TRUE,,
opt_su1_001,SU1,15995,"Wheels, 20"" x 10"" (50.8 cm x 25.4 cm) front and 21"" x 13"" (53.3 cm x 33 cm) rear 10-spoke, visible carbon fiber",,,sec_whee_002,TRUE,50,TRUE,,